<?xml version="1.0" encoding="UTF-8"?>
<!--
/**
 * Venustheme
 * 
 * NOTICE OF LICENSE
 * 
 * This source file is subject to the Venustheme.com license that is
 * available through the world-wide-web at this URL:
 * http://www.venustheme.com/license-agreement.html
 * 
 * DISCLAIMER
 * 
 * Do not edit or add to this file if you wish to upgrade this extension to newer
 * version in the future.
 * 
 * @category   Venustheme
 * @package    Ves_Brand
 * @copyright  Copyright (c) 2014 Venustheme (http://www.venustheme.com/)
 * @license    http://www.venustheme.com/LICENSE-1.0.html
 */
-->
<widgets xmlns:xsi="http://www.w3.org/2001/XMLSchema-instance"
         xsi:noNamespaceSchemaLocation="urn:magento:module:Magento_Widget:etc/widget.xsd">
	<widget id="ves_base_googlebutton" class="Ves\BaseWidget\Block\Widget\Googlebutton">
		<label translate="true">Ves Base: Google Plus Button</label>
		<description translate="true">Google Button Plus Widget</description>
		<parameters>
			
			<parameter name="title" xsi:type="text" visible="true">
				<label translate="true">Widget Title</label>
				<description translate="true">This tile will be showed as header of widget block. Empty to disable</description>
			</parameter>
			<parameter name="addition_cls" xsi:type="text" visible="true">
				<label translate="true">Addition Class</label>
				<description translate="true">This class is used to make owner style for the widget.</description>
			</parameter>
			<parameter name="stylecls" xsi:type="select"  visible="true" source_model="Ves\BaseWidget\Model\Source\ListStyle">
				<label translate="true">Widget Box Style</label>
				<description translate="true">These classes are bootstrap typo contextual color classes</description>
			</parameter>
			<parameter name="button_size" xsi:type="select"  visible="true" source_model="Ves\BaseWidget\Model\Source\ListGoogleButtonSize">
				<label translate="true">Button size</label>
				<description translate="true">Select size suitable for your google button.</description>
			</parameter>
			<parameter name="annotation" xsi:type="select"  visible="true" source_model="Ves\BaseWidget\Model\Source\ListAnnotation">
				<label translate="true">Annotation</label>
				<description translate="true">Select annotation suitable for your google button.</description>
			</parameter>
			<parameter name="width" xsi:type="text" visible="true">
				<label translate="true">Width</label>
				<description translate="true">Input width of the button. For example: 300 (px)</description>
			</parameter>
			<parameter name="custom_url" xsi:type="text" visible="true">
				<label translate="true">Input Custom Url </label>
				<description translate="true">Sets the URL to +1. Set this attribute when you have a +1 button next to an item description for another page and want the button to +1 the referenced page and not the current page.</description>
			</parameter>
		</parameters>
	</widget>
</widgets>